last_name,interests
newton,Cooking and Grilling
newton,Auto Racing
newton,Playing Board Games
carlson,Wine Tasting
carlson,Chess
carlson,Drawing and Painting
carlson,Re-Selling
carlson,Geocaching
carlson,Rock Sports
harvey,Knife Making
harvey,Electronic Models
sutton,Blogging
sutton,Rebounding
sutton,Pottery
sutton,Darts
malone,Calligraphy
singleton,Leatherworking
singleton,Coaching and Mentoring
singleton,Metalworking
singleton,Reading
singleton,Fishing
murray,Cards
murray,Fishkeeping
strickland,Organizing
strickland,Fishkeeping
hogan,Rock Sports
hogan,Rock Sports
salazar,Reading
salazar,Archery
salazar,Writing
salazar,Birdwatching
daniel,Playing Board Games
daniel,Scotch Tasting
daniel,Acting
daniel,Camping
daniel,Wine Tasting
daniel,Electronic Models
daniel,Fantasy Sports
haynes,Lockpicking
little,Fishing
little,Tattooing
little,Wine Tasting
little,Rebounding
little,Scotch Tasting
little,Archery
steele,Pottery
steele,Acting
schmidt,Rock Sports
schmidt,Blogging
dixon,Metalworking
dixon,Lockpicking
jones,Reading
jones,Martial Arts
smith,Puzzles
smith,Pottery
johnson,Electronic Music Producing
johnson,Collecting
johnson,Puzzles
johnson,Scotch Tasting
johnson,Tattooing
johnson,Bowling
johnson,Tattooing
steele,Organizing
steele,Surfing
vickers,Electronic Music Producing
vickers,Re-Selling
vickers,Camping
vickers,Gardening
vickers,Homebrewing Beer
